feature,mean_auc_drop,std_auc_drop
support_tickets_90d,0.08260309939788765,0.00549770197864406
signup_channel,0.07518586516632113,0.013094498231716198
content_mix,0.07285401243707426,0.010961713784564432
last_ticket_topic,0.06881058138387124,0.009064157381574999
tenure_months,0.004876517619188591,0.003639101300052341
avg_weekly_hours,-0.0016122791432238049,0.0030813052300128524
monthly_spend,-0.0031471720461949014,0.0021595103684650275
plan_type,-0.003699930905142679,0.0030053786978559115
payment_method,-0.003796071463823969,0.0041154699786349015
age_group,-0.0043632415358800134,0.004309901231761823
